[{"model": "product.category", "pk": "accessories", "fields": {"name": "Аксессуары"}}, {"model": "product.category", "pk": "notebooks", "fields": {"name": "Ноутбуки"}}, {"model": "product.category", "pk": "phones", "fields": {"name": "Смартфоны"}}, {"model": "product.product", "pk": 1, "fields": {"name": "Xiaomi Mi 10T 128 Gb (RAM 6 Gb) black", "description": "Смартфон Xiaomi Mi обладает хорошей камерой на 64+8+2+2 Мп. Объем встроенной памяти составляет 128 Gb. Оперативной памяти на 6 Gb хватает для стабильной работы системы. Под крышкой скрывается аккумулятор ёмкостью 5000 мАч. Функция быстрой зарядки пригодится пользователям, которые ценят свое время. Поддержка диапазона 4G даст вам возможность пользоваться быстрым интернетом.", "price": "23500.00", "category": "phones"}}, {"model": "product.product", "pk": 3, "fields": {"name": "REDMI 9 (4+64)", "description": "Отличная камера\r\nСвободно переключайтесь между различными режимами, чтобы снимать различные типы сценариев с помощью камеры AI Quad. В смартфоне установлено 4 различных модуля: 8МП ультра-широкоугольный, 13МП основной широкий, 2МП датчик глубины и 5 МП макро с фокусным расстоянием 4 см.", "price": "11900.00", "category": "phones"}}, {"model": "product.product", "pk": 4, "fields": {"name": "Samsung Galaxy A52 256GB Black", "description": "Параметры\r\nЦвет:\r\nЧерный\r\nБренд:\r\nSamsung\r\nСерия:\r\nSamsung Galaxy A52\r\nВес, гр:\r\n189.0\r\nмодель:\r\nGalaxy A52\r\nOnly With Gift:\r\nНет\r\nДатчики:\r\nАкселерометр\r\nРазъёмы:\r\n3.5 мм Jack\r\nАвтофокус:\r\nДа\r\nВысота, мм:\r\n159.9\r\nНавигация:\r\nBeiDou\r\nСветосила:\r\nf/1.8\r\nШирина, мм:\r\n75.1\r\nИнтерфейсы:\r\nBluetooth\r\nТолщина, мм:\r\n8.4\r\nТип матрицы:\r\nSuper AMOLED\r\nОсобенности:\r\nFM радио\r\nЧастота, ГГц:\r\n2.3\r\nКомплектация:\r\nАдаптер\r\nСтабилизация:\r\nНет\r\nМодельный год:\r\n2021\r\nРазмер SIM-карт:\r\nNano-SIM\r\nДополнительно:\r\nНочной режим\r\nСтандарт связи:\r\n2G\r\nБыстрая зарядка:\r\nДа\r\nКоличество ядер:\r\n8.0\r\nМатериал корпуса:\r\nПластик\r\nКоличество SIM-карт:\r\n2", "price": "35290.00", "category": "phones"}}, {"model": "product.product", "pk": 5, "fields": {"name": "Huawei P Smart 2021 128GB Green", "description": "Цвет:\r\nЗеленый\r\nБренд:\r\nHuawei\r\nСерия:\r\nHuawei P Smart 2021\r\nВес, гр:\r\n206.0\r\nмодель:\r\nP Smart\r\nOnly With Gift:\r\nНет\r\nДатчики:\r\nДатчик приближения\r\nРазъёмы:\r\n3.5 мм Jack\r\nАвтофокус:\r\nДа\r\nВысота, мм:\r\n165.65\r\nНавигация:\r\nBeiDou\r\nСветосила:\r\nf/1.8\r\nШирина, мм:\r\n76.88\r\nИнтерфейсы:\r\nBluetooth\r\nТолщина, мм:\r\n9.26\r\nТип матрицы:\r\nIPS\r\nОсобенности:\r\nСмартфон с 4G\r\nЧастота, ГГц:\r\n2.0\r\nКомплектация:\r\nКабель Type-C\r\nСтабилизация:\r\nНет\r\nМодельный год:\r\n2021\r\nРазмер SIM-карт:\r\nNano-SIM\r\nДополнительно:\r\nHDR\r\nСтандарт связи:\r\n2G\r\nБыстрая зарядка:\r\nДа\r\nКоличество ядер:\r\n8.0", "price": "18990.00", "category": "phones"}}, {"model": "product.product", "pk": 6, "fields": {"name": "Vivo Y53S 128GB Fantastic Rainbow", "description": "Цвет:\r\nФиолетовый\r\nБренд:\r\nVivo\r\nСерия:\r\nVivo Y53S\r\nВес, гр:\r\n190.0\r\nмодель:\r\nY53S\r\nOnly With Gift:\r\nНет\r\nДатчики:\r\nАкселерометр\r\nРазъёмы:\r\n3.5 мм Jack\r\nАвтофокус:\r\nДа\r\nВысота, мм:\r\n164\r\nНавигация:\r\nBeiDou\r\nСветосила:\r\nf/1.79\r\nШирина, мм:\r\n75.4\r\nИнтерфейсы:\r\nBluetooth\r\nТолщина, мм:\r\n8.3\r\nТип матрицы:\r\nIPS\r\nОсобенности:\r\nOTG\r\nЧастота, ГГц:\r\n2.0\r\nСтабилизация:\r\nДа\r\nМодельный год:\r\n2021\r\nРазмер SIM-карт:\r\nNano-SIM\r\nДополнительно:\r\nНочной режим\r\nСтандарт связи:\r\n2G\r\nБыстрая зарядка:\r\nДа\r\nКоличество ядер:\r\n8.0\r\nМатериал корпуса:\r\nПластик\r\nКоличество SIM-карт:\r\n2\r\nМодель процессора:\r\nHelio G80\r\nТип второго модуля:\r\nМакро\r\nТип первого модуля:\r\nШирокоугольный объектив", "price": "26490.00", "category": "phones"}}, {"model": "product.product", "pk": 7, "fields": {"name": "Sony Vaio VPC-YB2L1R AMD Fusion E-350 2GB DDR3 320", "description": "Процессор: E-350 Частота процессора: 1600 МГц Объем жесткого диска: 320 ГБ Диагональ экрана: 11.6 \" Видеокарта: ATI Radeon HD 6310M Вес: 1.46 кг Оптический привод: DVD нет Bluetooth: есть Wi-Fi: есть", "price": "19950.00", "category": "notebooks"}}, {"model": "product.product", "pk": 8, "fields": {"name": "Acer Extensa EX215-52-54NE Intel Core i5-1035G1 8G", "description": "Операционная система DOS; процессор Intel Core i5 (4/8) 1000 - 3600 MHz; видеоадаптер Intel Graphics; экран 15.6\" TN 1920x1080; оперативная память 8 GB DDR4; накопитель SSD 128 GB; DVDRW нет; вес от 1.9 кг", "price": "52270.00", "category": "notebooks"}}, {"model": "product.product", "pk": 9, "fields": {"name": "Lenovo Ideapad S145-15IIL Intel Core i5-1035G1 8GB", "description": "Тип: ноутбук; Операционная система: DOS; Процессор: Intel Core i5-1035G1; Разрешение экрана: 1920х1080 Full HD; Объем оперативной памяти: 8 Gb DDR4; Объем накопителя SSD: 128 Gb; Вес: от 1.85 кг", "price": "52270.00", "category": "notebooks"}}, {"model": "product.product", "pk": 10, "fields": {"name": "Dell G5 15 Gaming 5511 Intel Core i5-11400H 8GB DD", "description": "Тип: ноутбук; Операционная система: Windows 10; Процессор: Intel Core i5-11400H; Разрешение экрана: 1920x1080 Full HD; Графический контроллер: Nvidia GeForce RTX3050; Объем оперативной памяти: 8 GB DDR4; Объем накопителя SSD: 256 GB; Вес: от 2.65 кг", "price": "102140.00", "category": "notebooks"}}, {"model": "product.product", "pk": 11, "fields": {"name": "Acer Aspire A315-56 Intel Core i3-1005G1 4GB DDR4", "description": "Тип: ноутбук; Операционная система: DOS; Процессор: Intel Core i3-1005G1; Разрешение экрана: 1366x768 HD; Графический контроллер: Intel UHD Graphics; Объем оперативной памяти: 4 Gb DDR4; Объем накопителя SSD: 240 Gb; Вес: от 1.9 кг", "price": "38260.00", "category": "notebooks"}}, {"model": "product.product", "pk": 12, "fields": {"name": "Haier A1400EM Intel Celeron N3350 4GB DDR4 64GB EM", "description": "Операционная система Windows 10; 2х-ядерный процессор 1.1 ГГц; видеоадаптер встроенный; диагональ экрана 14\" TN 1366x768; объем оперативной памяти 4 Гб; накопитель eMMC 64 Гб; вес от 1.2 кг", "price": "25140.00", "category": "notebooks"}}, {"model": "product.product", "pk": 13, "fields": {"name": "Беспроводные наушники A4Tech RH-200", "description": "полноразмерными наушниками ; крепление при помощи оголовья; встроенный регулятор громкости; микрофон с шумоподавлением; подключение: USB; частота воспроизведения 20-20000 Гц", "price": "2500.00", "category": "accessories"}}, {"model": "product.product", "pk": 14, "fields": {"name": "Карта памяти microSD Hikvision DS-UTF-128G-L2 128G", "description": "Карта памяти microSDXC; объем 128 Гб; класс скорости 10; адаптер формата SD в комплекте отсутствует", "price": "3500.00", "category": "accessories"}}, {"model": "product.product", "pk": 15, "fields": {"name": "Наушники Sony MDR-EX155AP белые", "description": "вставные (затычки), закрытые чувствительность 103 дБ/мВт импеданс 16 Ом вес 3 г разъем mini jack 3.5 mm", "price": "1780.00", "category": "accessories"}}, {"model": "product.product", "pk": 16, "fields": {"name": "Внешний аккумулятор Harper PB-6001 синий", "description": "Внешний аккумулятор; емкость 6000 мАч; выходной ток 2 А; цвет синий", "price": "2720.00", "category": "accessories"}}, {"model": "product.product", "pk": 17, "fields": {"name": "Наушники HARPER HB-402 синие", "description": "стерео Bluetooth-гарнитура; голосовой набор; время работы 10 ч; зарядка от USB; поддержка Bluetooth 4.0; подключение по кабелю", "price": "4070.00", "category": "accessories"}}, {"model": "product.product", "pk": 18, "fields": {"name": "Автомобильное зарядное устройство OLTO СCH-2120", "description": "автомобильное зарядное устройство, Входное напряжение 12 В, Выходной ток 3100 мА, Выходное напряжение 5 В, Количество стандартных USB разъемов 2", "price": "1200.00", "category": "accessories"}}, {"model": "product.productimage", "pk": 2, "fields": {"product": 3, "image": "products/3937d892955a77ddd374a5d4bb6d7065.webp"}}, {"model": "product.productimage", "pk": 3, "fields": {"product": 4, "image": "products/5635a76da8847c54aed86558e2e8ef634561bb23_241460_1.jpg"}}, {"model": "product.productimage", "pk": 4, "fields": {"product": 5, "image": "products/7667b8ac2c0bc7c2f1d438fa968d18c67574c1fe_232355_1.jpg"}}, {"model": "product.productimage", "pk": 5, "fields": {"product": 6, "image": "products/bde539595e59bf52d38133bd6831823a25d288a7_252869_1.jpg"}}, {"model": "product.productimage", "pk": 6, "fields": {"product": 7, "image": "products/1622355077_67139000.png"}}, {"model": "product.productimage", "pk": 7, "fields": {"product": 7, "image": "products/162235507447379_full.jpg"}}, {"model": "product.productimage", "pk": 8, "fields": {"product": 7, "image": "products/162235507456753_full.jpg"}}, {"model": "product.productimage", "pk": 9, "fields": {"product": 8, "image": "products/1638391288_21095300.jpg"}}, {"model": "product.productimage", "pk": 10, "fields": {"product": 8, "image": "products/16383912873207_full.jpg"}}, {"model": "product.productimage", "pk": 11, "fields": {"product": 8, "image": "products/163839128777694_full.jpg"}}, {"model": "product.productimage", "pk": 12, "fields": {"product": 9, "image": "products/1627618283_83385400.jpg"}}, {"model": "product.productimage", "pk": 13, "fields": {"product": 9, "image": "products/162761828234895_full.jpg"}}, {"model": "product.productimage", "pk": 14, "fields": {"product": 9, "image": "products/162761828252147_full.jpg"}}, {"model": "product.productimage", "pk": 15, "fields": {"product": 10, "image": "products/1634189971_83301400.jpg"}}, {"model": "product.productimage", "pk": 16, "fields": {"product": 10, "image": "products/163418997034794_full.jpg"}}, {"model": "product.productimage", "pk": 17, "fields": {"product": 10, "image": "products/163418997051197_full.jpg"}}, {"model": "product.productimage", "pk": 18, "fields": {"product": 11, "image": "products/1630900891_88049400.jpg"}}, {"model": "product.productimage", "pk": 19, "fields": {"product": 12, "image": "products/1614679461_19569200.jpg"}}, {"model": "product.productimage", "pk": 20, "fields": {"product": 12, "image": "products/161467946021925_full.jpg"}}, {"model": "product.productimage", "pk": 21, "fields": {"product": 12, "image": "products/161467946070345_full.jpg"}}, {"model": "product.productimage", "pk": 22, "fields": {"product": 13, "image": "products/34562_full.jpg"}}, {"model": "product.productimage", "pk": 23, "fields": {"product": 13, "image": "products/34562_full_rbG7TOa.jpg"}}, {"model": "product.productimage", "pk": 24, "fields": {"product": 13, "image": "products/149802206819696_full.jpg"}}, {"model": "product.productimage", "pk": 25, "fields": {"product": 14, "image": "products/1618462054_74735700.jpg"}}, {"model": "product.productimage", "pk": 26, "fields": {"product": 15, "image": "products/55824_full.jpg"}}, {"model": "product.productimage", "pk": 27, "fields": {"product": 15, "image": "products/152713451352505_full.jpg"}}, {"model": "product.productimage", "pk": 28, "fields": {"product": 16, "image": "products/44658_full.jpg"}}, {"model": "product.productimage", "pk": 29, "fields": {"product": 17, "image": "products/28026_full.jpg"}}, {"model": "product.productimage", "pk": 30, "fields": {"product": 17, "image": "products/146654188655031_full.jpg"}}, {"model": "product.productimage", "pk": 31, "fields": {"product": 18, "image": "products/34471_full.jpg"}}]